Name complex,room number,square,floor,Цена на 25.01.2022,Цена на 11.06.2022,Цена на 15.02.2023

complex Smorodina; liter 1;5,1,32.95,1,118000,129000,148800

complex Smorodina; liter 1;5,1,32.95,2,118000,129000,148800

complex Smorodina; liter 1;5,1,32.95,3,118000,129000,148800

complex Smorodina; liter 1;5,1,32.95,4,118000,129000,148800

complex Smorodina; liter 1;5,1,32.95,5,119000,130000,149900

complex Smorodina; liter 1;5,1,32.95,6,119000,130000,149900

complex Smorodina; liter 1;5,1,32.95,7,119000,130000,149900

complex Smorodina; liter 1;5,1,32.95,8,119000,130000,149900

complex Smorodina; liter 1;5,1,32.95,9,120000,131000,151000

complex Smorodina; liter 1;5,1,32.95,10,120000,131000,151000

complex Smorodina; liter 1;5,1,32.95,11,120000,131000,151000

complex Smorodina; liter 1;5,1,32.95,12,120000,131000,151000

complex Smorodina; liter 1;5,1,32.95,13,121000,132000,152100

complex Smorodina; liter 1;5,1,32.95,14,121000,132000,152100

complex Smorodina; liter 1;5,1,32.95,15,121000,132000,152100

complex Smorodina; liter 1;5,1,32.95,16,121000,132000,152100

complex Smorodina; liter 1;5,1,35.2,1,117000,128000,147700

complex Smorodina; liter 1;5,1,35.2,2,117000,128000,147700

complex Smorodina; liter 1;5,1,35.2,3,117000,128000,147700

complex Smorodina; liter 1;5,1,35.2,4,117000,128000,147700

complex Smorodina; liter 1;5,1,35.2,5,118000,129000,148800

complex Smorodina; liter 1;5,1,35.2,6,118000,129000,148800

complex Smorodina; liter 1;5,1,35.2,7,118000,129000,148800

complex Smorodina; liter 1;5,1,35.2,8,118000,129000,148800

complex Smorodina; liter 1;5,1,35.2,9,119000,130000,149900

complex Smorodina; liter 1;5,1,35.2,10,119000,130000,149900

complex Smorodina; liter 1;5,1,35.2,11,119000,130000,149900

complex Smorodina; liter 1;5,1,35.2,12,119000,130000,149900

complex Smorodina; liter 1;5,1,35.2,13,120000,131000,151000

complex Smorodina; liter 1;5,1,35.2,14,120000,131000,151000

complex Smorodina; liter 1;5,1,35.2,15,120000,131000,151000

complex Smorodina; liter 1;5,1,35.2,16,120000,131000,151000

complex Smorodina; liter 2;3;4,1,32.95,5,115000,122000,142700

complex Smorodina; liter 2;3;4,1,32.95,6,115000,122000,142700

complex Smorodina; liter 2;3;4,1,32.95,7,115000,122000,142700

complex Smorodina; liter 2;3;4,1,32.95,8,115000,122000,142700

complex Smorodina; liter 2;3;4,1,32.95,9,116000,123000,143800

complex Smorodina; liter 2;3;4,1,32.95,10,116000,123000,143800

complex Smorodina; liter 2;3;4,1,32.95,11,116000,123000,143800

complex Smorodina; liter 2;3;4,1,32.95,12,116000,123000,143800

complex Smorodina; liter 2;3;4,1,32.95,13,117000,124000,144900

complex Smorodina; liter 2;3;4,1,32.95,14,117000,124000,144900

complex Smorodina; liter 2;3;4,1,32.95,15,117000,124000,144900

complex Smorodina; liter 2;3;4,1,32.95,16,117000,124000,144900

complex Smorodina; liter 2;3;4,1,35.2,5,114000,121000,141600

complex Smorodina; liter 2;3;4,1,35.2,6,114000,121000,141600

complex Smorodina; liter 2;3;4,1,35.2,7,114000,121000,141600

complex Smorodina; liter 2;3;4,1,35.2,8,114000,121000,141600

complex Smorodina; liter 2;3;4,1,35.2,9,115000,122000,142700

complex Smorodina; liter 2;3;4,1,35.2,10,115000,122000,142700

complex Smorodina; liter 2;3;4,1,35.2,11,115000,122000,142700

complex Smorodina; liter 2;3;4,1,35.2,12,115000,122000,142700

complex Smorodina; liter 2;3;4,1,35.2,13,116000,123000,143800

complex Smorodina; liter 2;3;4,1,35.2,14,116000,123000,143800

complex Smorodina; liter 2;3;4,1,35.2,15,116000,123000,143800

complex Smorodina; liter 2;3;4,1,35.2,16,116000,123000,143800

complex Smorodina; liter 2;3;4,2,49.76,5,97000,104000,121700

complex Smorodina; liter 2;3;4,2,49.76,6,97000,104000,121700

complex Smorodina; liter 2;3;4,2,49.76,7,97000,104000,121700

complex Smorodina; liter 2;3;4,2,49.76,8,97000,104000,121700

complex Smorodina; liter 2;3;4,2,51.79,5,97000,104000,121700

complex Smorodina; liter 2;3;4,2,51.79,6,97000,104000,121700

complex Smorodina; liter 2;3;4,2,51.79,7,97000,104000,121700

complex Smorodina; liter 2;3;4,2,51.79,8,97000,104000,121700

complex Smorodina; liter 2;3;4,2,49.76,9,98000,105000,122800

complex Smorodina; liter 2;3;4,2,49.76,10,98000,105000,122800

complex Smorodina; liter 2;3;4,2,49.76,11,98000,105000,122800

complex Smorodina; liter 2;3;4,2,49.76,12,98000,105000,122800

complex Smorodina; liter 2;3;4,2,51.79,9,98000,105000,122800

complex Smorodina; liter 2;3;4,2,51.79,10,98000,105000,122800

complex Smorodina; liter 2;3;4,2,51.79,11,98000,105000,122800

complex Smorodina; liter 2;3;4,2,51.79,12,98000,105000,122800

complex Smorodina; liter 2;3;4,2,49.76,13,99000,106000,123900

complex Smorodina; liter 2;3;4,2,49.76,14,99000,106000,123900

complex Smorodina; liter 2;3;4,2,49.76,15,99000,106000,123900

complex Smorodina; liter 2;3;4,2,49.76,16,99000,106000,123900

complex Smorodina; liter 2;3;4,2,51.79,13,99000,106000,123900

complex Smorodina; liter 2;3;4,2,51.79,14,99000,106000,123900

complex Smorodina; liter 2;3;4,2,51.79,15,99000,106000,123900

complex Smorodina; liter 2;3;4,2,51.79,16,99000,106000,123900

complex Smorodina; liter 2;3;4,2,57.78,1,93000,105000,120600

complex Smorodina; liter 2;3;4,2,57.78,2,93000,105000,120600

complex Smorodina; liter 2;3;4,2,57.78,3,93000,105000,120600

complex Smorodina; liter 2;3;4,2,57.78,4,93000,105000,120600

complex Smorodina; liter 2;3;4,2,57.78,5,94000,106000,121700

complex Smorodina; liter 2;3;4,2,57.78,6,94000,106000,121700

complex Smorodina; liter 2;3;4,2,57.78,7,94000,106000,121700

complex Smorodina; liter 2;3;4,2,57.78,8,94000,106000,121700

complex Smorodina; liter 2;3;4,2,57.78,9,95000,107000,122800

complex Smorodina; liter 2;3;4,2,57.78,10,95000,107000,122800

complex Smorodina; liter 2;3;4,2,57.78,11,95000,107000,122800

complex Smorodina; liter 2;3;4,2,57.78,12,95000,107000,122800

complex Smorodina; liter 2;3;4,2,57.78,13,96000,108000,123900

complex Smorodina; liter 2;3;4,2,57.78,14,96000,108000,123900

complex Smorodina; liter 2;3;4,2,57.78,15,96000,108000,123900

complex Smorodina; liter 2;3;4,2,57.78,16,96000,108000,123900

complex Smorodina; liter 2;3;4,3,68.22,9,97000,105000,123900

complex Smorodina; liter 2;3;4,3,68.22,10,97000,105000,123900

complex Smorodina; liter 2;3;4,3,68.22,11,97000,105000,123900

complex Smorodina; liter 2;3;4,3,68.22,12,97000,105000,123900

complex Smorodina; liter 2;3;4,3,68.22,13,98000,106000,125000

complex Smorodina; liter 2;3;4,3,68.22,14,98000,106000,125000

complex Smorodina; liter 2;3;4,3,68.22,15,98000,106000,125000

complex Smorodina; liter 2;3;4,3,68.22,16,98000,106000,125000

complex AVrorA,1,44.44,2,187000,202000,236600

complex AVrorA,1,44.54,2,187000,202000,236600

complex AVrorA,1,46.04,1,194000,199000,233300

complex AVrorA,1,46.04,2,194000,199000,233300

complex AVrorA,1,46.04,3,194000,199000,233300

complex AVrorA,1,46.04,4,194000,199000,233300

complex AVrorA,1,48.26,1,194000,199000,233300

complex AVrorA,1,48.26,2,194000,199000,233300

complex AVrorA,1,48.26,3,194000,199000,233300

complex AVrorA,1,48.26,4,194000,199000,233300

complex AVrorA,1,46.04,5,199000,204000,238800

complex AVrorA,1,46.04,6,199000,204000,238800

complex AVrorA,1,46.04,7,199000,204000,238800

complex AVrorA,1,46.04,8,199000,204000,238800

complex AVrorA,1,48.26,5,199000,204000,238800

complex AVrorA,1,48.26,6,199000,204000,238800

complex AVrorA,1,48.26,7,199000,204000,238800

complex AVrorA,1,48.26,8,199000,204000,238800

complex AVrorA,1,46.04,9,203000,208000,243200

complex AVrorA,1,46.04,10,203000,208000,243200

complex AVrorA,1,46.04,11,203000,208000,243200

complex AVrorA,1,46.04,12,203000,208000,243200

complex AVrorA,1,48.26,9,203000,208000,243200

complex AVrorA,1,48.26,10,203000,208000,243200

complex AVrorA,1,48.26,11,203000,208000,243200

complex AVrorA,1,48.26,12,203000,208000,243200

complex AVrorA,1,46.04,13,207000,212000,247700

complex AVrorA,1,46.04,14,207000,212000,247700

complex AVrorA,1,46.04,15,207000,212000,247700

complex AVrorA,1,46.04,16,207000,212000,247700

complex AVrorA,1,48.26,13,207000,212000,247700

complex AVrorA,1,48.26,14,207000,212000,247700

complex AVrorA,1,48.26,15,207000,212000,247700

complex AVrorA,1,48.26,16,207000,212000,247700

complex AVrorA,1,49.51,2,178000,193000,226700

complex AVrorA,1,51.01,3,179000,194000,227800

complex AVrorA,1,51.01,4,179000,194000,227800

complex AVrorA,1,51.47,3,179000,194000,227800

complex AVrorA,1,51.47,4,179000,194000,227800

complex AVrorA,1,51.01,5,184000,199000,233300

complex AVrorA,1,51.01,6,184000,199000,233300

complex AVrorA,1,51.01,7,184000,199000,233300

complex AVrorA,1,51.01,8,184000,199000,233300

complex AVrorA,1,51.47,5,184000,199000,233300

complex AVrorA,1,51.47,6,184000,199000,233300

complex AVrorA,1,51.47,7,184000,199000,233300

complex AVrorA,1,51.47,8,184000,199000,233300

complex AVrorA,1,51.01,9,187000,202000,236600

complex AVrorA,1,51.01,10,187000,202000,236600

complex AVrorA,1,51.01,11,187000,202000,236600

complex AVrorA,1,51.01,12,187000,202000,236600

complex AVrorA,1,51.47,9,187000,202000,236600

complex AVrorA,1,51.47,10,187000,202000,236600

complex AVrorA,1,51.47,11,187000,202000,236600

complex AVrorA,1,51.47,12,187000,202000,236600

complex AVrorA,1,51.01,13,190000,205000,239900

complex AVrorA,1,51.01,14,190000,205000,239900

complex AVrorA,1,51.01,15,190000,205000,239900

complex AVrorA,1,51.01,16,190000,205000,239900

complex AVrorA,1,51.47,13,190000,205000,239900

complex AVrorA,1,51.47,14,190000,205000,239900

complex AVrorA,1,51.47,15,190000,205000,239900

complex AVrorA,1,51.47,16,190000,205000,239900

complex AVrorA,1,52.11,2,183000,198000,232200

complex AVrorA,1,52.62,1,186000,201000,235500

complex AVrorA,1,52.62,2,186000,201000,235500

complex AVrorA,1,52.62,3,186000,201000,235500

complex AVrorA,1,52.62,4,186000,201000,235500

complex AVrorA,1,54.04,1,186000,201000,235500

complex AVrorA,1,54.04,2,186000,201000,235500

complex AVrorA,1,54.04,3,186000,201000,235500

complex AVrorA,1,54.04,4,186000,201000,235500

complex AVrorA,1,52.62,5,192000,207000,242100

complex AVrorA,1,52.62,6,192000,207000,242100

complex AVrorA,1,52.62,7,192000,207000,242100

complex AVrorA,1,52.62,8,192000,207000,242100

complex AVrorA,1,54.04,5,192000,207000,242100

complex AVrorA,1,54.04,6,192000,207000,242100

complex AVrorA,1,54.04,7,192000,207000,242100

complex AVrorA,1,54.04,8,192000,207000,242100

complex AVrorA,1,52.62,9,195000,210000,245500

complex AVrorA,1,52.62,10,195000,210000,245500

complex AVrorA,1,52.62,11,195000,210000,245500

complex AVrorA,1,52.62,12,195000,210000,245500

complex AVrorA,1,54.04,9,195000,210000,245500

complex AVrorA,1,54.04,10,195000,210000,245500

complex AVrorA,1,54.04,11,195000,210000,245500

complex AVrorA,1,54.04,12,195000,210000,245500

complex AVrorA,1,52.62,13,198000,213000,248800

complex AVrorA,1,52.62,14,198000,213000,248800

complex AVrorA,1,52.62,15,198000,213000,248800

complex AVrorA,1,52.62,16,198000,213000,248800

complex AVrorA,1,54.04,13,198000,213000,248800

complex AVrorA,1,54.04,14,198000,213000,248800

complex AVrorA,1,54.04,15,198000,213000,248800

complex AVrorA,1,54.04,16,198000,213000,248800

complex AVrorA,1,62.39,3,167000,182000,214500

complex AVrorA,1,62.39,4,167000,182000,214500

complex AVrorA,1,62.39,5,172000,187000,220000

complex AVrorA,1,62.39,6,172000,187000,220000

complex AVrorA,1,62.39,7,172000,187000,220000

complex AVrorA,1,62.39,8,172000,187000,220000

complex AVrorA,1,62.39,9,175000,190000,223300

complex AVrorA,1,62.39,10,175000,190000,223300

complex AVrorA,1,62.39,11,175000,190000,223300

complex AVrorA,1,62.39,12,175000,190000,223300

complex AVrorA,1,62.39,13,178000,193000,226700

complex AVrorA,1,62.39,14,178000,193000,226700

complex AVrorA,1,62.39,15,178000,193000,226700

complex AVrorA,1,62.39,16,178000,193000,226700

complex AVrorA,1,62.39,17,183000,198000,232200

complex AVrorA,1,62.39,18,183000,198000,232200

complex AVrorA,1,62.39,19,183000,198000,232200

complex AVrorA,1,62.39,20,183000,198000,232200

complex AVrorA,1,62.39,21,183000,198000,232200

complex AVrorA,1,62.39,22,183000,198000,232200

complex AVrorA,2,67.53,2,179000,194000,219600

complex AVrorA,2,69.09,1,185000,200000,226200

complex AVrorA,2,69.09,2,185000,200000,226200

complex AVrorA,2,69.09,3,185000,200000,226200

complex AVrorA,2,69.09,4,185000,200000,226200

complex AVrorA,2,71.71,1,185000,200000,226200

complex AVrorA,2,71.71,2,185000,200000,226200

complex AVrorA,2,71.71,3,185000,200000,226200

complex AVrorA,2,71.71,4,185000,200000,226200

complex AVrorA,2,69.09,5,190000,205000,231700

complex AVrorA,2,69.09,6,190000,205000,231700

complex AVrorA,2,69.09,7,190000,205000,231700

complex AVrorA,2,69.09,8,190000,205000,231700

complex AVrorA,2,71.71,5,190000,205000,231700

complex AVrorA,2,71.71,6,190000,205000,231700

complex AVrorA,2,71.71,7,190000,205000,231700

complex AVrorA,2,71.71,8,190000,205000,231700

complex AVrorA,2,69.09,9,193000,208000,235100

complex AVrorA,2,69.09,10,193000,208000,235100

complex AVrorA,2,69.09,11,193000,208000,235100

complex AVrorA,2,69.09,12,193000,208000,235100

complex AVrorA,2,71.71,9,193000,208000,235100

complex AVrorA,2,71.71,10,193000,208000,235100

complex AVrorA,2,71.71,11,193000,208000,235100

complex AVrorA,2,71.71,12,193000,208000,235100

complex AVrorA,2,69.09,13,196000,211000,238400

complex AVrorA,2,69.09,14,196000,211000,238400

complex AVrorA,2,69.09,15,196000,211000,238400

complex AVrorA,2,69.09,16,196000,211000,238400

complex AVrorA,2,71.71,13,196000,211000,238400

complex AVrorA,2,71.71,14,196000,211000,238400

complex AVrorA,2,71.71,15,196000,211000,238400

complex AVrorA,2,71.71,16,196000,211000,238400

complex AVrorA,2,80.72,2,156000,171000,194100

complex AVrorA,2,85.52,3,159000,174000,197500

complex AVrorA,2,85.52,4,159000,174000,197500

complex AVrorA,2,86.15,3,159000,174000,197500

complex AVrorA,2,86.15,4,159000,174000,197500

complex AVrorA,2,85.52,5,163000,178000,201900

complex AVrorA,2,85.52,6,163000,178000,201900

complex AVrorA,2,85.52,7,163000,178000,201900

complex AVrorA,2,85.52,8,163000,178000,201900

complex AVrorA,2,86.15,5,163000,178000,201900

complex AVrorA,2,86.15,6,163000,178000,201900

complex AVrorA,2,86.15,7,163000,178000,201900

complex AVrorA,2,86.15,8,163000,178000,201900

complex AVrorA,2,85.52,9,165000,180000,204100

complex AVrorA,2,85.52,10,165000,180000,204100

complex AVrorA,2,85.52,11,165000,180000,204100

complex AVrorA,2,85.52,12,165000,180000,204100

complex AVrorA,2,86.15,9,165000,180000,204100

complex AVrorA,2,86.15,10,165000,180000,204100

complex AVrorA,2,86.15,11,165000,180000,204100

complex AVrorA,2,86.15,12,165000,180000,204100

complex AVrorA,2,85.52,13,168000,183000,207400

complex AVrorA,2,85.52,14,168000,183000,207400

complex AVrorA,2,85.52,15,168000,183000,207400

complex AVrorA,2,85.52,16,168000,183000,207400

complex AVrorA,2,86.15,13,168000,183000,207400

complex AVrorA,2,86.15,14,168000,183000,207400

complex AVrorA,2,86.15,15,168000,183000,207400

complex AVrorA,2,86.15,16,168000,183000,207400

complex AVrorA,3,120.48,3,152000,167000,202200

complex AVrorA,3,123.13,3,155000,170000,205500

complex AVrorA,3,123.13,4,155000,170000,205500

complex AVrorA,3,123.48,3,155000,170000,205500

complex AVrorA,3,123.48,4,155000,170000,205500

complex AVrorA,3,123.13,5,158000,173000,208900

complex AVrorA,3,123.13,6,158000,173000,208900

complex AVrorA,3,123.13,7,158000,173000,208900

complex AVrorA,3,123.13,8,158000,173000,208900

complex AVrorA,3,123.48,5,158000,173000,208900

complex AVrorA,3,123.48,6,158000,173000,208900

complex AVrorA,3,123.48,7,158000,173000,208900

complex AVrorA,3,123.48,8,158000,173000,208900

complex AVrorA,3,123.13,9,160000,175000,211100

complex AVrorA,3,123.13,10,160000,175000,211100

complex AVrorA,3,123.13,11,160000,175000,211100

complex AVrorA,3,123.13,12,160000,175000,211100

complex AVrorA,3,123.48,9,160000,175000,211100

complex AVrorA,3,123.48,10,160000,175000,211100

complex AVrorA,3,123.48,11,160000,175000,211100

complex AVrorA,3,123.48,12,160000,175000,211100

complex AVrorA,3,123.13,13,162000,177000,213300

complex AVrorA,3,123.13,14,162000,177000,213300

complex AVrorA,3,123.13,15,162000,177000,213300

complex AVrorA,3,123.13,16,162000,177000,213300

complex AVrorA,3,123.48,13,162000,177000,213300

complex AVrorA,3,123.48,14,162000,177000,213300

complex AVrorA,3,123.48,15,162000,177000,213300

complex AVrorA,3,123.48,16,162000,177000,213300

complex AVrorA,3,123.13,17,165500,180500,217100

complex AVrorA,3,123.13,18,165500,180500,217100

complex AVrorA,3,123.13,19,165500,180500,217100

complex AVrorA,3,123.13,20,165500,180500,217100

complex AVrorA,3,123.48,17,165500,180500,217100

complex AVrorA,3,123.48,18,165500,180500,217100

complex AVrorA,3,123.48,19,165500,180500,217100

complex AVrorA,3,123.48,20,165500,180500,217100

complex AVrorA,3,123.13,21,169000,184000,221000

complex AVrorA,3,123.13,22,169000,184000,221000

complex AVrorA,3,123.48,21,169000,184000,221000

complex AVrorA,3,123.48,22,169000,184000,221000

complex AVrorA,3,127.09,3,187000,217000,257500

complex AVrorA,3,127.09,4,187000,217000,257500

complex AVrorA,3,127.09,5,190000,220000,260800

complex AVrorA,3,127.09,6,190000,220000,260800

complex AVrorA,3,127.09,7,190000,220000,260800

complex AVrorA,3,127.09,8,190000,220000,260800

complex AVrorA,3,127.09,9,192000,222000,263000

complex AVrorA,3,127.09,10,192000,222000,263000

complex AVrorA,3,127.09,11,192000,222000,263000

complex AVrorA,3,127.09,12,192000,222000,263000

complex AVrorA,3,127.09,13,194000,224000,265200

complex AVrorA,3,127.09,14,194000,224000,265200

complex AVrorA,3,127.09,15,194000,224000,265200

complex AVrorA,3,127.09,16,194000,224000,265200

complex AVrorA,3,127.09,17,198000,228000,269700

complex AVrorA,3,127.09,18,198000,228000,269700

complex AVrorA,3,127.09,19,198000,228000,269700

complex AVrorA,3,127.09,20,198000,228000,269700

complex AVrorA,3,127.09,21,201000,231000,273000

complex AVrorA,3,127.09,22,201000,231000,273000

complex URAL,0,23.02,3,129000,155000,192000

complex URAL,0,23.02,4,129000,155000,192000

complex URAL,0,23.02,5,129000,155000,192000

complex URAL,0,23.02,6,129000,155000,192000

complex URAL,0,27.56,3,129000,155000,192000

complex URAL,0,27.56,4,129000,155000,192000

complex URAL,0,27.56,5,129000,155000,192000

complex URAL,0,27.56,6,129000,155000,192000

complex URAL,0,23.02,7,139000,160000,197700

complex URAL,0,23.02,8,139000,160000,197700

complex URAL,0,23.02,9,139000,160000,197700

complex URAL,0,23.02,10,139000,160000,197700

complex URAL,0,23.02,11,139000,160000,197700

complex URAL,0,23.02,12,139000,160000,197700

complex URAL,0,23.02,13,139000,160000,197700

complex URAL,0,23.02,14,139000,160000,197700

complex URAL,0,23.02,15,139000,160000,197700

complex URAL,0,27.56,7,139000,160000,197700

complex URAL,0,27.56,8,139000,160000,197700

complex URAL,0,27.56,9,139000,160000,197700

complex URAL,0,27.56,10,139000,160000,197700

complex URAL,0,27.56,11,139000,160000,197700

complex URAL,0,27.56,12,139000,160000,197700

complex URAL,0,27.56,13,139000,160000,197700

complex URAL,0,27.56,14,139000,160000,197700

complex URAL,0,27.56,15,139000,160000,197700

complex URAL,0,23.02,16,149000,168000,206700

complex URAL,0,23.02,17,149000,168000,206700

complex URAL,0,23.02,18,149000,168000,206700

complex URAL,0,23.02,19,149000,168000,206700

complex URAL,0,23.02,20,149000,168000,206700

complex URAL,0,23.02,21,149000,168000,206700

complex URAL,0,23.02,22,149000,168000,206700

complex URAL,0,23.02,23,149000,168000,206700

complex URAL,0,27.56,16,149000,168000,206700

complex URAL,0,27.56,17,149000,168000,206700

complex URAL,0,27.56,18,149000,168000,206700

complex URAL,0,27.56,19,149000,168000,206700

complex URAL,0,27.56,20,149000,168000,206700

complex URAL,0,27.56,21,149000,168000,206700

complex URAL,0,27.56,22,149000,168000,206700

complex URAL,0,27.56,23,149000,168000,206700

complex URAL,1,35.13,3,116000,138000,185900

complex URAL,1,35.13,4,116000,138000,185900

complex URAL,1,35.13,5,116000,138000,185900

complex URAL,1,35.13,6,116000,138000,185900

complex URAL,1,37.26,3,116000,138000,185900

complex URAL,1,37.26,4,116000,138000,185900

complex URAL,1,37.26,5,116000,138000,185900

complex URAL,1,37.26,6,116000,138000,185900

complex URAL,1,35.13,7,121000,142000,191500

complex URAL,1,35.13,8,121000,142000,191500

complex URAL,1,35.13,9,121000,142000,191500

complex URAL,1,35.13,10,121000,142000,191500

complex URAL,1,35.13,11,121000,142000,191500

complex URAL,1,35.13,12,121000,142000,191500

complex URAL,1,35.13,13,121000,142000,191500

complex URAL,1,35.13,14,121000,142000,191500

complex URAL,1,35.13,15,121000,142000,191500

complex URAL,1,37.26,7,121000,142000,191500

complex URAL,1,37.26,8,121000,142000,191500

complex URAL,1,37.26,9,121000,142000,191500

complex URAL,1,37.26,10,121000,142000,191500

complex URAL,1,37.26,11,121000,142000,191500

complex URAL,1,37.26,12,121000,142000,191500

complex URAL,1,37.26,13,121000,142000,191500

complex URAL,1,37.26,14,121000,142000,191500

complex URAL,1,37.26,15,121000,142000,191500

complex URAL,1,35.13,16,126000,145000,193800

complex URAL,1,35.13,17,126000,145000,193800

complex URAL,1,35.13,18,126000,145000,193800

complex URAL,1,35.13,19,126000,145000,193800

complex URAL,1,35.13,20,126000,145000,193800

complex URAL,1,35.13,21,126000,145000,193800

complex URAL,1,35.13,22,126000,145000,193800

complex URAL,1,35.13,23,126000,145000,193800

complex URAL,1,37.26,16,126000,145000,193800

complex URAL,1,37.26,17,126000,145000,193800

complex URAL,1,37.26,18,126000,145000,193800

complex URAL,1,37.26,19,126000,145000,193800

complex URAL,1,37.26,20,126000,145000,193800

complex URAL,1,37.26,21,126000,145000,193800

complex URAL,1,37.26,22,126000,145000,193800

complex URAL,1,37.26,23,126000,145000,193800

complex URAL,1,45.43,3,101000,121000,162200

complex URAL,1,45.43,4,101000,121000,162200

complex URAL,1,45.43,5,101000,121000,162200

complex URAL,1,45.43,6,101000,121000,162200

complex URAL,1,49.05,3,101000,121000,162200

complex URAL,1,49.05,4,101000,121000,162200

complex URAL,1,49.05,5,101000,121000,162200

complex URAL,1,49.05,6,101000,121000,162200

complex URAL,1,45.43,7,106000,126000,167800

complex URAL,1,45.43,8,106000,126000,167800

complex URAL,1,45.43,9,106000,126000,167800

complex URAL,1,45.43,10,106000,126000,167800

complex URAL,1,45.43,11,106000,126000,167800

complex URAL,1,45.43,12,106000,126000,167800

complex URAL,1,45.43,13,106000,126000,167800

complex URAL,1,45.43,14,106000,126000,167800

complex URAL,1,45.43,15,106000,126000,167800

complex URAL,1,49.05,7,106000,126000,167800

complex URAL,1,49.05,8,106000,126000,167800

complex URAL,1,49.05,9,106000,126000,167800

complex URAL,1,49.05,10,106000,126000,167800

complex URAL,1,49.05,11,106000,126000,167800

complex URAL,1,49.05,12,106000,126000,167800

complex URAL,1,49.05,13,106000,126000,167800

complex URAL,1,49.05,14,106000,126000,167800

complex URAL,1,49.05,15,106000,126000,167800

complex URAL,1,45.43,16,111000,130000,172300

complex URAL,1,45.43,17,111000,130000,172300

complex URAL,1,45.43,18,111000,130000,172300

complex URAL,1,45.43,19,111000,130000,172300

complex URAL,1,45.43,20,111000,130000,172300

complex URAL,1,45.43,21,111000,130000,172300

complex URAL,1,45.43,22,111000,130000,172300

complex URAL,1,45.43,23,111000,130000,172300

complex URAL,1,49.05,16,111000,130000,172300

complex URAL,1,49.05,17,111000,130000,172300

complex URAL,1,49.05,18,111000,130000,172300

complex URAL,1,49.05,19,111000,130000,172300

complex URAL,1,49.05,20,111000,130000,172300

complex URAL,1,49.05,21,111000,130000,172300

complex URAL,1,49.05,22,111000,130000,172300

complex URAL,1,49.05,23,111000,130000,172300

complex URAL,2,60.06,3,96000,118000,149800

complex URAL,2,60.06,4,96000,118000,149800

complex URAL,2,60.06,5,96000,118000,149800

complex URAL,2,60.06,6,96000,118000,149800

complex URAL,2,61.7,3,96000,118000,149800

complex URAL,2,61.7,4,96000,118000,149800

complex URAL,2,61.7,5,96000,118000,149800

complex URAL,2,61.7,6,96000,118000,149800

complex URAL,2,60.06,7,101000,120000,152100

complex URAL,2,60.06,8,101000,120000,152100

complex URAL,2,60.06,9,101000,120000,152100

complex URAL,2,60.06,10,101000,120000,152100

complex URAL,2,60.06,11,101000,120000,152100

complex URAL,2,60.06,12,101000,120000,152100

complex URAL,2,60.06,13,101000,120000,152100

complex URAL,2,60.06,14,101000,120000,152100

complex URAL,2,60.06,15,101000,120000,152100

complex URAL,2,61.7,7,101000,120000,152100

complex URAL,2,61.7,8,101000,120000,152100

complex URAL,2,61.7,9,101000,120000,152100

complex URAL,2,61.7,10,101000,120000,152100

complex URAL,2,61.7,11,101000,120000,152100

complex URAL,2,61.7,12,101000,120000,152100

complex URAL,2,61.7,13,101000,120000,152100

complex URAL,2,61.7,14,101000,120000,152100

complex URAL,2,61.7,15,101000,120000,152100

complex URAL,2,60.06,16,106000,125000,157700

complex URAL,2,60.06,17,106000,125000,157700

complex URAL,2,60.06,18,106000,125000,157700

complex URAL,2,60.06,19,106000,125000,157700

complex URAL,2,60.06,20,106000,125000,157700

complex URAL,2,60.06,21,106000,125000,157700

complex URAL,2,60.06,22,106000,125000,157700

complex URAL,2,60.06,23,106000,125000,157700

complex URAL,2,61.7,16,106000,125000,157700

complex URAL,2,61.7,17,106000,125000,157700

complex URAL,2,61.7,18,106000,125000,157700

complex URAL,2,61.7,19,106000,125000,157700

complex URAL,2,61.7,20,106000,125000,157700

complex URAL,2,61.7,21,106000,125000,157700

complex URAL,2,61.7,22,106000,125000,157700

complex URAL,2,61.7,23,106000,125000,157700

complex URAL,3,77.34,3,85000,106000,133600

complex URAL,3,77.34,4,85000,106000,133600

complex URAL,3,77.34,5,85000,106000,133600

complex URAL,3,77.34,6,85000,106000,133600

complex URAL,3,79.14,3,85000,106000,133600

complex URAL,3,79.14,4,85000,106000,133600

complex URAL,3,79.14,5,85000,106000,133600

complex URAL,3,79.14,6,85000,106000,133600

complex URAL,3,77.34,7,88000,109000,137000

complex URAL,3,77.34,8,88000,109000,137000

complex URAL,3,77.34,9,88000,109000,137000

complex URAL,3,77.34,10,88000,109000,137000

complex URAL,3,77.34,11,88000,109000,137000

complex URAL,3,77.34,12,88000,109000,137000

complex URAL,3,77.34,13,88000,109000,137000

complex URAL,3,77.34,14,88000,109000,137000

complex URAL,3,77.34,15,88000,109000,137000

complex URAL,3,79.14,7,88000,109000,137000

complex URAL,3,79.14,8,88000,109000,137000

complex URAL,3,79.14,9,88000,109000,137000

complex URAL,3,79.14,10,88000,109000,137000

complex URAL,3,79.14,11,88000,109000,137000

complex URAL,3,79.14,12,88000,109000,137000

complex URAL,3,79.14,13,88000,109000,137000

complex URAL,3,79.14,14,88000,109000,137000

complex URAL,3,79.14,15,88000,109000,137000

complex URAL,3,77.34,16,93000,114000,142700

complex URAL,3,77.34,17,93000,114000,142700

complex URAL,3,77.34,18,93000,114000,142700

complex URAL,3,77.34,19,93000,114000,142700

complex URAL,3,77.34,20,93000,114000,142700

complex URAL,3,77.34,21,93000,114000,142700

complex URAL,3,77.34,22,93000,114000,142700

complex URAL,3,77.34,23,93000,114000,142700

complex URAL,3,79.14,16,93000,114000,142700

complex URAL,3,79.14,17,93000,114000,142700

complex URAL,3,79.14,18,93000,114000,142700

complex URAL,3,79.14,19,93000,114000,142700

complex URAL,3,79.14,20,93000,114000,142700

complex URAL,3,79.14,21,93000,114000,142700

complex URAL,3,79.14,22,93000,114000,142700

complex URAL,3,79.14,23,93000,114000,142700

complex URAL,3,90.91,3,81000,101000,125000

complex URAL,3,90.91,4,81000,101000,125000

complex URAL,3,90.91,5,81000,101000,125000

complex URAL,3,90.91,6,81000,101000,125000

complex URAL,3,92.68,3,81000,101000,125000

complex URAL,3,92.68,4,81000,101000,125000

complex URAL,3,92.68,5,81000,101000,125000

complex URAL,3,92.68,6,81000,101000,125000

complex URAL,3,90.91,7,87000,107000,131800

complex URAL,3,90.91,8,87000,107000,131800

complex URAL,3,90.91,9,87000,107000,131800

complex URAL,3,90.91,10,87000,107000,131800

complex URAL,3,90.91,11,87000,107000,131800

complex URAL,3,90.91,12,87000,107000,131800

complex URAL,3,90.91,13,87000,107000,131800

complex URAL,3,90.91,14,87000,107000,131800

complex URAL,3,90.91,15,87000,107000,131800

complex URAL,3,92.68,7,87000,107000,131800

complex URAL,3,92.68,8,87000,107000,131800

complex URAL,3,92.68,9,87000,107000,131800

complex URAL,3,92.68,10,87000,107000,131800

complex URAL,3,92.68,11,87000,107000,131800

complex URAL,3,92.68,12,87000,107000,131800

complex URAL,3,92.68,13,87000,107000,131800

complex URAL,3,92.68,14,87000,107000,131800

complex URAL,3,92.68,15,87000,107000,131800

complex URAL,3,90.91,16,91000,111000,136300

complex URAL,3,90.91,17,91000,111000,136300

complex URAL,3,90.91,18,91000,111000,136300

complex URAL,3,90.91,19,91000,111000,136300

complex URAL,3,90.91,20,91000,111000,136300

complex URAL,3,90.91,21,91000,111000,136300

complex URAL,3,90.91,22,91000,111000,136300

complex URAL,3,90.91,23,91000,111000,136300

complex URAL,3,92.68,16,91000,111000,136300

complex URAL,3,92.68,17,91000,111000,136300

complex URAL,3,92.68,18,91000,111000,136300

complex URAL,3,92.68,19,91000,111000,136300

complex URAL,3,92.68,20,91000,111000,136300

complex URAL,3,92.68,21,91000,111000,136300

complex URAL,3,92.68,22,91000,111000,136300

complex URAL,3,92.68,23,91000,111000,136300

complex Zelenodar; liter 4А,1,38.4,1,96000,111000,117700

complex Zelenodar; liter 4А,1,42.3,1,96000,111000,117700

complex Zelenodar; liter 4А,1,38.4,2,98000,113000,119900

complex Zelenodar; liter 4А,1,38.4,3,98000,113000,119900

complex Zelenodar; liter 4А,1,38.4,4,98000,113000,119900

complex Zelenodar; liter 4А,1,42.3,2,98000,113000,119900

complex Zelenodar; liter 4А,1,42.3,3,98000,113000,119900

complex Zelenodar; liter 4А,1,42.3,4,98000,113000,119900

complex Zelenodar; liter 4А,1,38.4,5,100000,115000,122100

complex Zelenodar; liter 4А,1,38.4,6,100000,115000,122100

complex Zelenodar; liter 4А,1,38.4,7,100000,115000,122100

complex Zelenodar; liter 4А,1,38.4,8,100000,115000,122100

complex Zelenodar; liter 4А,1,42.3,5,100000,115000,122100

complex Zelenodar; liter 4А,1,42.3,6,100000,115000,122100

complex Zelenodar; liter 4А,1,42.3,7,100000,115000,122100

complex Zelenodar; liter 4А,1,42.3,8,100000,115000,122100

complex Zelenodar; liter 4А,1,38.4,9,102000,118000,124900

complex Zelenodar; liter 4А,1,38.4,10,102000,118000,124900

complex Zelenodar; liter 4А,1,38.4,11,102000,118000,124900

complex Zelenodar; liter 4А,1,38.4,12,102000,118000,124900

complex Zelenodar; liter 4А,1,42.3,9,102000,118000,124900

complex Zelenodar; liter 4А,1,42.3,10,102000,118000,124900

complex Zelenodar; liter 4А,1,42.3,11,102000,118000,124900

complex Zelenodar; liter 4А,1,42.3,12,102000,118000,124900

complex Zelenodar; liter 4А,1,38.4,13,104000,120000,127100

complex Zelenodar; liter 4А,1,38.4,14,104000,120000,127100

complex Zelenodar; liter 4А,1,38.4,15,104000,120000,127100

complex Zelenodar; liter 4А,1,38.4,16,104000,120000,127100

complex Zelenodar; liter 4А,1,42.3,13,104000,120000,127100

complex Zelenodar; liter 4А,1,42.3,14,104000,120000,127100

complex Zelenodar; liter 4А,1,42.3,15,104000,120000,127100

complex Zelenodar; liter 4А,1,42.3,16,104000,120000,127100

complex Zelenodar; liter 4А,2,70.3,1,80000,94000,112900

complex Zelenodar; liter 4А,2,71.8,1,80000,94000,112900

complex Zelenodar; liter 4А,2,70.3,2,81000,95000,114000

complex Zelenodar; liter 4А,2,70.3,3,81000,95000,114000

complex Zelenodar; liter 4А,2,70.3,4,81000,95000,114000

complex Zelenodar; liter 4А,2,71.8,2,81000,95000,114000

complex Zelenodar; liter 4А,2,71.8,3,81000,95000,114000

complex Zelenodar; liter 4А,2,71.8,4,81000,95000,114000

complex Zelenodar; liter 4А,2,70.3,5,82000,96000,115100

complex Zelenodar; liter 4А,2,70.3,6,82000,96000,115100

complex Zelenodar; liter 4А,2,70.3,7,82000,96000,115100

complex Zelenodar; liter 4А,2,70.3,8,82000,96000,115100

complex Zelenodar; liter 4А,2,71.8,5,82000,96000,115100

complex Zelenodar; liter 4А,2,71.8,6,82000,96000,115100

complex Zelenodar; liter 4А,2,71.8,7,82000,96000,115100

complex Zelenodar; liter 4А,2,71.8,8,82000,96000,115100

complex Zelenodar; liter 4А,2,70.3,9,83000,97000,116200

complex Zelenodar; liter 4А,2,70.3,10,83000,97000,116200

complex Zelenodar; liter 4А,2,70.3,11,83000,97000,116200

complex Zelenodar; liter 4А,2,70.3,12,83000,97000,116200

complex Zelenodar; liter 4А,2,71.8,9,83000,97000,116200

complex Zelenodar; liter 4А,2,71.8,10,83000,97000,116200

complex Zelenodar; liter 4А,2,71.8,11,83000,97000,116200

complex Zelenodar; liter 4А,2,71.8,12,83000,97000,116200

complex Zelenodar; liter 4А,2,70.3,13,84000,98000,117300

complex Zelenodar; liter 4А,2,70.3,14,84000,98000,117300

complex Zelenodar; liter 4А,2,70.3,15,84000,98000,117300

complex Zelenodar; liter 4А,2,70.3,16,84000,98000,117300

complex Zelenodar; liter 4А,2,71.8,13,84000,98000,117300

complex Zelenodar; liter 4А,2,71.8,14,84000,98000,117300

complex Zelenodar; liter 4А,2,71.8,15,84000,98000,117300

complex Zelenodar; liter 4А,2,71.8,16,84000,98000,117300

complex Zelenodar; liter 4А,3,91.2,2,74000,87000,98500

complex Zelenodar; liter 4А,3,91.2,3,74000,87000,98500

complex Zelenodar; liter 4А,3,91.2,4,74000,87000,98500

complex Zelenodar; liter 4А,3,91.2,5,75000,88000,99100

complex Zelenodar; liter 4А,3,91.2,6,75000,88000,99100

complex Zelenodar; liter 4А,3,91.2,7,75000,88000,99100

complex Zelenodar; liter 4А,3,91.2,8,75000,88000,99100

complex Zelenodar; liter 4А,3,91.2,9,76000,89000,100200

complex Zelenodar; liter 4А,3,91.2,10,76000,89000,100200

complex Zelenodar; liter 4А,3,91.2,11,76000,89000,100200

complex Zelenodar; liter 4А,3,91.2,12,76000,89000,100200

complex Zelenodar; liter 4А,3,91.2,13,77000,90000,101300

complex Zelenodar; liter 4А,3,91.2,14,77000,90000,101300

complex Zelenodar; liter 4А,3,91.2,15,77000,90000,101300

complex Zelenodar; liter 4А,3,91.2,16,77000,90000,101300

complex Fresh; liter 2,3,88.8,3,85000,106000,118700

complex Fresh; liter 2,3,88.8,4,85000,106000,118700

complex Fresh; liter 2,3,88.8,5,85000,106000,118700

complex Fresh; liter 2,3,88.8,6,85000,106000,118700

complex Fresh; liter 2,3,88.8,7,85000,106000,118700

complex Fresh; liter 2,3,88.8,8,85000,106000,118700

complex Fresh; liter 2,3,88.8,9,85000,106000,118700

complex Fresh; liter 2,3,88.8,10,86000,107100,119900

complex Fresh; liter 2,3,88.8,11,86000,107100,119900

complex Fresh; liter 2,3,88.8,12,86000,107100,119900

complex Fresh; liter 2,3,88.8,13,86000,107100,119900

complex Fresh; liter 2,3,88.8,14,86000,107100,119900

complex Fresh; liter 2,3,88.8,15,86000,107100,119900

complex Fresh; liter 2,3,88.8,16,86000,107100,119900

complex Fresh; liter 2,3,88.8,17,86000,107100,119900

complex Fresh; liter 2,3,88.8,18,86000,107100,119900

complex Fresh; liter 2,3,88.8,19,87000,108200,121000

complex Fresh; liter 2,3,88.8,20,87000,108200,121000

complex Fresh; liter 2,3,88.8,21,87000,108200,121000

complex Fresh; liter 2,3,88.8,22,87000,108200,121000

complex Fresh; liter 2,3,88.8,23,87000,108200,121000

complex Fresh; liter 2,3,88.8,24,87000,108200,121000

complex Fresh; liter 2,3,95.7,3,75000,94900,106400

complex Fresh; liter 2,3,95.7,4,75000,94900,106400

complex Fresh; liter 2,3,95.7,5,75000,94900,106400

complex Fresh; liter 2,3,95.7,6,75000,94900,106400

complex Fresh; liter 2,3,95.7,7,75000,94900,106400

complex Fresh; liter 2,3,95.7,8,75000,94900,106400

complex Fresh; liter 2,3,95.7,9,75000,94900,106400

complex Fresh; liter 2,3,96.9,3,75000,94900,106400

complex Fresh; liter 2,3,96.9,4,75000,94900,106400

complex Fresh; liter 2,3,96.9,5,75000,94900,106400

complex Fresh; liter 2,3,96.9,6,75000,94900,106400

complex Fresh; liter 2,3,96.9,7,75000,94900,106400

complex Fresh; liter 2,3,96.9,8,75000,94900,106400

complex Fresh; liter 2,3,96.9,9,75000,94900,106400

complex Fresh; liter 2,3,95.7,10,76000,96000,107600

complex Fresh; liter 2,3,95.7,11,76000,96000,107600

complex Fresh; liter 2,3,95.7,12,76000,96000,107600

complex Fresh; liter 2,3,95.7,13,76000,96000,107600

complex Fresh; liter 2,3,95.7,14,76000,96000,107600

complex Fresh; liter 2,3,95.7,15,76000,96000,107600

complex Fresh; liter 2,3,95.7,16,76000,96000,107600

complex Fresh; liter 2,3,95.7,17,76000,96000,107600

complex Fresh; liter 2,3,95.7,18,76000,96000,107600

complex Fresh; liter 2,3,96.9,10,76000,96000,107600

complex Fresh; liter 2,3,96.9,11,76000,96000,107600

complex Fresh; liter 2,3,96.9,12,76000,96000,107600

complex Fresh; liter 2,3,96.9,13,76000,96000,107600

complex Fresh; liter 2,3,96.9,14,76000,96000,107600

complex Fresh; liter 2,3,96.9,15,76000,96000,107600

complex Fresh; liter 2,3,96.9,16,76000,96000,107600

complex Fresh; liter 2,3,96.9,17,76000,96000,107600

complex Fresh; liter 2,3,96.9,18,76000,96000,107600

complex Fresh; liter 2,3,95.7,19,77000,97100,108900

complex Fresh; liter 2,3,95.7,20,77000,97100,108900

complex Fresh; liter 2,3,95.7,21,77000,97100,108900

complex Fresh; liter 2,3,95.7,22,77000,97100,108900

complex Fresh; liter 2,3,95.7,23,77000,97100,108900

complex Fresh; liter 2,3,95.7,24,77000,97100,108900

complex Fresh; liter 2,3,96.9,19,77000,97100,108900

complex Fresh; liter 2,3,96.9,20,77000,97100,108900

complex Fresh; liter 2,3,96.9,21,77000,97100,108900

complex Fresh; liter 2,3,96.9,22,77000,97100,108900

complex Fresh; liter 2,3,96.9,23,77000,97100,108900

complex Fresh; liter 2,3,96.9,24,77000,97100,108900

complex Fresh; liter 2,3,97.8,3,72000,91600,102800

complex Fresh; liter 2,3,97.8,4,72000,91600,102800

complex Fresh; liter 2,3,97.8,5,72000,91600,102800

complex Fresh; liter 2,3,97.8,6,72000,91600,102800

complex Fresh; liter 2,3,97.8,7,72000,91600,102800

complex Fresh; liter 2,3,97.8,8,72000,91600,102800

complex Fresh; liter 2,3,97.8,9,72000,91600,102800

complex Fresh; liter 2,3,97.8,10,73000,92700,104000

complex Fresh; liter 2,3,97.8,11,73000,92700,104000

complex Fresh; liter 2,3,97.8,12,73000,92700,104000

complex Fresh; liter 2,3,97.8,13,73000,92700,104000

complex Fresh; liter 2,3,97.8,14,73000,92700,104000

complex Fresh; liter 2,3,97.8,15,73000,92700,104000

complex Fresh; liter 2,3,97.8,16,73000,92700,104000

complex Fresh; liter 2,3,97.8,17,73000,92700,104000

complex Fresh; liter 2,3,97.8,18,73000,92700,104000

complex Fresh; liter 2,3,97.8,19,74000,93800,105200

complex Fresh; liter 2,3,97.8,20,74000,93800,105200

complex Fresh; liter 2,3,97.8,21,74000,93800,105200

complex Fresh; liter 2,3,97.8,22,74000,93800,105200

complex Fresh; liter 2,3,97.8,23,74000,93800,105200

complex Fresh; liter 2,3,97.8,24,74000,93800,105200

complex Fresh; liter 2,3,104.2,3,84000,104900,117500

complex Fresh; liter 2,3,104.2,4,84000,104900,117500

complex Fresh; liter 2,3,104.2,5,84000,104900,117500

complex Fresh; liter 2,3,104.2,6,84000,104900,117500

complex Fresh; liter 2,3,104.2,7,84000,104900,117500

complex Fresh; liter 2,3,104.2,8,84000,104900,117500

complex Fresh; liter 2,3,104.2,9,84000,104900,117500

complex Fresh; liter 2,3,104.2,10,85000,106000,118700

complex Fresh; liter 2,3,104.2,11,85000,106000,118700

complex Fresh; liter 2,3,104.2,12,85000,106000,118700

complex Fresh; liter 2,3,104.2,13,85000,106000,118700

complex Fresh; liter 2,3,104.2,14,85000,106000,118700

complex Fresh; liter 2,3,104.2,15,85000,106000,118700

complex Fresh; liter 2,3,104.2,16,85000,106000,118700

complex Fresh; liter 2,3,104.2,17,85000,106000,118700

complex Fresh; liter 2,3,104.2,18,85000,106000,118700

complex Fresh; liter 2,3,104.2,19,86000,107100,119900

complex Fresh; liter 2,3,104.2,20,86000,107100,119900

complex Fresh; liter 2,3,104.2,21,86000,107100,119900

complex Fresh; liter 2,3,104.2,22,86000,107100,119900

complex Fresh; liter 2,3,104.2,23,86000,107100,119900

complex Fresh; liter 2,3,104.2,24,86000,107100,119900

complex Fresh; liter 3,3,97.8,3,73000,86000,106500

complex Fresh; liter 3,3,97.8,4,73000,86000,106500

complex Fresh; liter 3,3,97.8,5,73000,86000,106500

complex Fresh; liter 3,3,97.8,6,73000,86000,106500

complex Fresh; liter 3,3,97.8,7,74000,87000,106500

complex Fresh; liter 3,3,97.8,8,74000,87000,106500

complex Fresh; liter 3,3,97.8,9,74000,87000,106500

complex Fresh; liter 3,3,97.8,10,74000,87000,106500

complex Fresh; liter 3,3,97.8,11,75000,88000,106500

complex Fresh; liter 3,3,97.8,12,75000,88000,106500

complex Fresh; liter 3,3,97.8,13,75000,88000,106500

complex Fresh; liter 3,3,97.8,14,75000,88000,106500

complex Fresh; liter 3,3,97.8,15,75000,88000,106500

complex Fresh; liter 3,3,97.8,16,75000,88000,106500

complex Fresh; liter 3,3,97.8,17,77000,90000,106500

complex Fresh; liter 3,3,97.8,18,77000,90000,106500

complex Fresh; liter 3,3,97.8,19,77000,90000,106500

complex Fresh; liter 3,3,97.8,20,78000,91000,106500

complex Fresh; liter 3,3,97.8,21,78000,91000,106500

complex Fresh; liter 3,3,97.8,22,78000,91000,106500

complex Fresh; liter 3,3,97.8,23,78000,91000,106500

complex Fresh; liter 3,3,97.8,24,78000,91000,106500

complex Fresh; liter 4,1,41.4,3,114000,115000,146200

complex Fresh; liter 4,1,41.4,4,114000,115000,146200

complex Fresh; liter 4,1,41.4,5,114000,115000,146200

complex Fresh; liter 4,1,41.4,6,114000,115000,146200

complex Fresh; liter 4,1,43.1,3,114000,115000,146200

complex Fresh; liter 4,1,43.1,4,114000,115000,146200

complex Fresh; liter 4,1,43.1,5,114000,115000,146200

complex Fresh; liter 4,1,43.1,6,114000,115000,146200

complex Fresh; liter 4,1,41.4,7,116000,117000,148400

complex Fresh; liter 4,1,41.4,8,116000,117000,148400

complex Fresh; liter 4,1,41.4,9,116000,117000,148400

complex Fresh; liter 4,1,41.4,10,116000,117000,148400

complex Fresh; liter 4,1,43.1,7,116000,117000,148400

complex Fresh; liter 4,1,43.1,8,116000,117000,148400

complex Fresh; liter 4,1,43.1,9,116000,117000,148400

complex Fresh; liter 4,1,43.1,10,116000,117000,148400

complex Fresh; liter 4,1,41.4,11,117000,118000,149600

complex Fresh; liter 4,1,41.4,12,117000,118000,149600

complex Fresh; liter 4,1,41.4,13,117000,118000,149600

complex Fresh; liter 4,1,41.4,14,117000,118000,149600

complex Fresh; liter 4,1,41.4,15,117000,118000,149600

complex Fresh; liter 4,1,41.4,16,117000,118000,149600

complex Fresh; liter 4,1,43.1,11,117000,118000,149600

complex Fresh; liter 4,1,43.1,12,117000,118000,149600

complex Fresh; liter 4,1,43.1,13,117000,118000,149600

complex Fresh; liter 4,1,43.1,14,117000,118000,149600

complex Fresh; liter 4,1,43.1,15,117000,118000,149600

complex Fresh; liter 4,1,43.1,16,117000,118000,149600

complex Fresh; liter 4,1,41.4,17,119000,120000,151800

complex Fresh; liter 4,1,41.4,18,119000,120000,151800

complex Fresh; liter 4,1,41.4,19,119000,120000,151800

complex Fresh; liter 4,1,43.1,17,119000,120000,151800

complex Fresh; liter 4,1,43.1,18,119000,120000,151800

complex Fresh; liter 4,1,43.1,19,119000,120000,151800

complex Fresh; liter 4,1,41.4,20,120000,121000,152900

complex Fresh; liter 4,1,41.4,21,120000,121000,152900

complex Fresh; liter 4,1,41.4,22,120000,121000,152900

complex Fresh; liter 4,1,41.4,23,120000,121000,152900

complex Fresh; liter 4,1,41.4,24,120000,121000,152900

complex Fresh; liter 4,1,43.1,20,120000,121000,152900

complex Fresh; liter 4,1,43.1,21,120000,121000,152900

complex Fresh; liter 4,1,43.1,22,120000,121000,152900

complex Fresh; liter 4,1,43.1,23,120000,121000,152900

complex Fresh; liter 4,1,43.1,24,120000,121000,152900

complex Fresh; liter 4,1,39.8,3,116000,117000,148400

complex Fresh; liter 4,1,39.8,4,116000,117000,148400

complex Fresh; liter 4,1,39.8,5,116000,117000,148400

complex Fresh; liter 4,1,39.8,6,116000,117000,148400

complex Fresh; liter 4,1,41.5,3,116000,117000,148400

complex Fresh; liter 4,1,41.5,4,116000,117000,148400

complex Fresh; liter 4,1,41.5,5,116000,117000,148400

complex Fresh; liter 4,1,41.5,6,116000,117000,148400

complex Fresh; liter 4,1,39.8,7,118000,119000,150700

complex Fresh; liter 4,1,39.8,8,118000,119000,150700

complex Fresh; liter 4,1,39.8,9,118000,119000,150700

complex Fresh; liter 4,1,39.8,10,118000,119000,150700

complex Fresh; liter 4,1,41.5,7,118000,119000,150700

complex Fresh; liter 4,1,41.5,8,118000,119000,150700

complex Fresh; liter 4,1,41.5,9,118000,119000,150700

complex Fresh; liter 4,1,41.5,10,118000,119000,150700

complex Fresh; liter 4,1,39.8,11,119000,120000,151800

complex Fresh; liter 4,1,39.8,12,119000,120000,151800

complex Fresh; liter 4,1,39.8,13,119000,120000,151800

complex Fresh; liter 4,1,39.8,14,119000,120000,151800

complex Fresh; liter 4,1,39.8,15,119000,120000,151800

complex Fresh; liter 4,1,39.8,16,119000,120000,151800

complex Fresh; liter 4,1,41.5,11,119000,120000,151800

complex Fresh; liter 4,1,41.5,12,119000,120000,151800

complex Fresh; liter 4,1,41.5,13,119000,120000,151800

complex Fresh; liter 4,1,41.5,14,119000,120000,151800

complex Fresh; liter 4,1,41.5,15,119000,120000,151800

complex Fresh; liter 4,1,41.5,16,119000,120000,151800

complex Fresh; liter 4,1,39.8,17,121000,122000,154000

complex Fresh; liter 4,1,39.8,18,121000,122000,154000

complex Fresh; liter 4,1,39.8,19,121000,122000,154000

complex Fresh; liter 4,1,41.5,17,121000,122000,154000

complex Fresh; liter 4,1,41.5,18,121000,122000,154000

complex Fresh; liter 4,1,41.5,19,121000,122000,154000

complex Fresh; liter 4,1,39.8,20,122000,123000,155100

complex Fresh; liter 4,1,39.8,21,122000,123000,155100

complex Fresh; liter 4,1,39.8,22,122000,123000,155100

complex Fresh; liter 4,1,39.8,23,122000,123000,155100

complex Fresh; liter 4,1,39.8,24,122000,123000,155100

complex Fresh; liter 4,1,41.5,20,122000,123000,155100

complex Fresh; liter 4,1,41.5,21,122000,123000,155100

complex Fresh; liter 4,1,41.5,22,122000,123000,155100

complex Fresh; liter 4,1,41.5,23,122000,123000,155100

complex Fresh; liter 4,1,41.5,24,122000,123000,155100

complex Fresh; liter 4,2,64.8,3,85000,94000,128000

complex Fresh; liter 4,2,64.8,4,85000,94000,128000

complex Fresh; liter 4,2,64.8,5,85000,94000,128000

complex Fresh; liter 4,2,64.8,6,85000,94000,128000

complex Fresh; liter 4,2,65.9,3,85000,94000,128000

complex Fresh; liter 4,2,65.9,4,85000,94000,128000

complex Fresh; liter 4,2,65.9,5,85000,94000,128000

complex Fresh; liter 4,2,65.9,6,85000,94000,128000

complex Fresh; liter 4,2,64.8,7,87000,94000,128000

complex Fresh; liter 4,2,64.8,8,87000,94000,128000

complex Fresh; liter 4,2,64.8,9,87000,94000,128000

complex Fresh; liter 4,2,64.8,10,87000,94000,128000

complex Fresh; liter 4,2,65.9,7,87000,94000,128000

complex Fresh; liter 4,2,65.9,8,87000,94000,128000

complex Fresh; liter 4,2,65.9,9,87000,94000,128000

complex Fresh; liter 4,2,65.9,10,87000,94000,128000

complex Fresh; liter 4,2,64.8,11,88000,95000,129100

complex Fresh; liter 4,2,64.8,12,88000,95000,129100

complex Fresh; liter 4,2,64.8,13,88000,95000,129100

complex Fresh; liter 4,2,64.8,14,88000,95000,129100

complex Fresh; liter 4,2,64.8,15,88000,95000,129100

complex Fresh; liter 4,2,64.8,16,88000,95000,129100

complex Fresh; liter 4,2,65.9,11,88000,95000,129100

complex Fresh; liter 4,2,65.9,12,88000,95000,129100

complex Fresh; liter 4,2,65.9,13,88000,95000,129100

complex Fresh; liter 4,2,65.9,14,88000,95000,129100

complex Fresh; liter 4,2,65.9,15,88000,95000,129100

complex Fresh; liter 4,2,65.9,16,88000,95000,129100

complex Fresh; liter 4,2,64.8,17,90000,97000,131300

complex Fresh; liter 4,2,64.8,18,90000,97000,131300

complex Fresh; liter 4,2,64.8,19,90000,97000,131300

complex Fresh; liter 4,2,65.9,17,90000,97000,131300

complex Fresh; liter 4,2,65.9,18,90000,97000,131300

complex Fresh; liter 4,2,65.9,19,90000,97000,131300

complex Fresh; liter 4,2,64.8,20,91000,97000,131300

complex Fresh; liter 4,2,64.8,21,91000,97000,131300

complex Fresh; liter 4,2,64.8,22,91000,97000,131300

complex Fresh; liter 4,2,64.8,23,91000,97000,131300

complex Fresh; liter 4,2,64.8,24,91000,97000,131300

complex Fresh; liter 4,2,65.9,20,91000,97000,131300

complex Fresh; liter 4,2,65.9,21,91000,97000,131300

complex Fresh; liter 4,2,65.9,22,91000,97000,131300

complex Fresh; liter 4,2,65.9,23,91000,97000,131300

complex Fresh; liter 4,2,65.9,24,91000,97000,131300

complex Fresh; liter 4,1,67.4,3,99000,110000,140700

complex Fresh; liter 4,1,67.4,4,99000,110000,140700

complex Fresh; liter 4,1,67.4,5,99000,110000,140700

complex Fresh; liter 4,1,67.4,6,99000,110000,140700

complex Fresh; liter 4,1,67.4,7,101000,112000,142900

complex Fresh; liter 4,1,67.4,8,101000,112000,142900

complex Fresh; liter 4,1,67.4,9,101000,112000,142900

complex Fresh; liter 4,1,67.4,10,101000,112000,142900

complex Fresh; liter 4,1,67.4,11,103000,114000,145100

complex Fresh; liter 4,1,67.4,12,103000,114000,145100

complex Fresh; liter 4,1,67.4,13,103000,114000,145100

complex Fresh; liter 4,1,67.4,14,103000,114000,145100

complex Fresh; liter 4,1,67.4,15,103000,114000,145100

complex Fresh; liter 4,1,67.4,16,103000,114000,145100

complex Fresh; liter 4,1,67.4,17,106000,117000,148400

complex Fresh; liter 4,1,67.4,18,106000,117000,148400

complex Fresh; liter 4,1,67.4,19,106000,117000,148400

complex Fresh; liter 4,1,67.4,20,109000,120000,151800

complex Fresh; liter 4,1,67.4,21,109000,120000,151800

complex Fresh; liter 4,1,67.4,22,109000,120000,151800

complex Fresh; liter 4,1,67.4,23,109000,120000,151800

complex Fresh; liter 4,1,67.4,24,109000,120000,151800

complex Fresh; liter 4,2,91.6,3,73000,92000,125800

complex Fresh; liter 4,2,91.6,4,73000,92000,125800

complex Fresh; liter 4,2,91.6,5,73000,92000,125800

complex Fresh; liter 4,2,91.6,6,73000,92000,125800

complex Fresh; liter 4,2,91.6,7,74000,93000,126900

complex Fresh; liter 4,2,91.6,8,74000,93000,126900

complex Fresh; liter 4,2,91.6,9,74000,93000,126900

complex Fresh; liter 4,2,91.6,10,74000,93000,126900

complex Fresh; liter 4,2,91.6,11,75000,94000,128000

complex Fresh; liter 4,2,91.6,12,75000,94000,128000

complex Fresh; liter 4,2,91.6,13,75000,94000,128000

complex Fresh; liter 4,2,91.6,14,75000,94000,128000

complex Fresh; liter 4,2,91.6,15,75000,94000,128000

complex Fresh; liter 4,2,91.6,16,75000,94000,128000

complex Fresh; liter 4,2,91.6,17,77000,96000,130200

complex Fresh; liter 4,2,91.6,18,77000,96000,130200

complex Fresh; liter 4,2,91.6,19,77000,96000,130200

complex Fresh; liter 4,2,91.6,20,78000,97000,131300

complex Fresh; liter 4,2,91.6,21,78000,97000,131300

complex Fresh; liter 4,2,91.6,22,78000,97000,131300

complex Fresh; liter 4,2,91.6,23,78000,97000,131300

complex Fresh; liter 4,2,91.6,24,78000,97000,131300

complex Fresh; liter 4,3,95.4,3,73000,81000,115300

complex Fresh; liter 4,3,95.4,4,73000,81000,115300

complex Fresh; liter 4,3,95.4,5,73000,81000,115300

complex Fresh; liter 4,3,95.4,6,73000,81000,115300

complex Fresh; liter 4,3,95.4,7,74000,82000,116400

complex Fresh; liter 4,3,95.4,8,74000,82000,116400

complex Fresh; liter 4,3,95.4,9,74000,82000,116400

complex Fresh; liter 4,3,95.4,10,74000,82000,116400

complex Fresh; liter 4,3,95.4,11,75000,83000,117500

complex Fresh; liter 4,3,95.4,12,75000,83000,117500

complex Fresh; liter 4,3,95.4,13,75000,83000,117500

complex Fresh; liter 4,3,95.4,14,75000,83000,117500

complex Fresh; liter 4,3,95.4,15,75000,83000,117500

complex Fresh; liter 4,3,95.4,16,75000,83000,117500

complex Fresh; liter 4,3,95.4,17,77000,85000,119700

complex Fresh; liter 4,3,95.4,18,77000,85000,119700

complex Fresh; liter 4,3,95.4,19,77000,85000,119700

complex Fresh; liter 4,3,95.4,20,78000,86000,120800

complex Fresh; liter 4,3,95.4,21,78000,86000,120800

complex Fresh; liter 4,3,95.4,22,78000,86000,120800

complex Fresh; liter 4,3,95.4,23,78000,86000,120800

complex Fresh; liter 4,3,95.4,24,78000,86000,120800

complex Novella; liter 1,1,34.7,1,128000,139000,158200

complex Novella; liter 1,1,34.7,2,128000,139000,158200

complex Novella; liter 1,1,34.92,1,128000,139000,158200

complex Novella; liter 1,1,34.92,2,128000,139000,158200

complex Novella; liter 1,1,34.7,3,129000,140000,159300

complex Novella; liter 1,1,34.7,4,129000,140000,159300

complex Novella; liter 1,1,34.92,3,129000,140000,159300

complex Novella; liter 1,1,34.92,4,129000,140000,159300

complex Novella; liter 1,1,34.7,5,130000,141000,160400

complex Novella; liter 1,1,34.7,6,130000,141000,160400

complex Novella; liter 1,1,34.7,7,130000,141000,160400

complex Novella; liter 1,1,34.7,8,130000,141000,160400

complex Novella; liter 1,1,34.92,5,130000,141000,160400

complex Novella; liter 1,1,34.92,6,130000,141000,160400

complex Novella; liter 1,1,34.92,7,130000,141000,160400

complex Novella; liter 1,1,34.92,8,130000,141000,160400

complex Novella; liter 1,1,34.7,9,131000,142000,161500

complex Novella; liter 1,1,34.7,10,131000,142000,161500

complex Novella; liter 1,1,34.7,11,131000,142000,161500

complex Novella; liter 1,1,34.7,12,131000,142000,161500

complex Novella; liter 1,1,34.92,9,131000,142000,161500

complex Novella; liter 1,1,34.92,10,131000,142000,161500

complex Novella; liter 1,1,34.92,11,131000,142000,161500

complex Novella; liter 1,1,34.92,12,131000,142000,161500

complex Novella; liter 1,1,34.7,13,132000,143000,162600

complex Novella; liter 1,1,34.7,14,132000,143000,162600

complex Novella; liter 1,1,34.7,15,132000,143000,162600

complex Novella; liter 1,1,34.92,13,132000,143000,162600

complex Novella; liter 1,1,34.92,14,132000,143000,162600

complex Novella; liter 1,1,34.92,15,132000,143000,162600

complex Novella; liter 1,1,34.7,16,133000,144000,163700

complex Novella; liter 1,1,34.7,17,133000,144000,163700

complex Novella; liter 1,1,34.7,18,133000,144000,163700

complex Novella; liter 1,1,34.7,19,133000,144000,163700

complex Novella; liter 1,1,34.92,16,133000,144000,163700

complex Novella; liter 1,1,34.92,17,133000,144000,163700

complex Novella; liter 1,1,34.92,18,133000,144000,163700

complex Novella; liter 1,1,34.92,19,133000,144000,163700

complex Novella; liter 1,1,40.11,1,126000,127000,138300

complex Novella; liter 1,1,40.11,2,126000,127000,138300

complex Novella; liter 1,1,44.97,1,126000,127000,138300

complex Novella; liter 1,1,44.97,2,126000,127000,138300

complex Novella; liter 1,1,40.11,3,127000,128000,139400

complex Novella; liter 1,1,40.11,4,127000,128000,139400

complex Novella; liter 1,1,44.97,3,127000,128000,139400

complex Novella; liter 1,1,44.97,4,127000,128000,139400

complex Novella; liter 1,1,40.11,5,128000,129000,140500

complex Novella; liter 1,1,40.11,6,128000,129000,140500

complex Novella; liter 1,1,40.11,7,128000,129000,140500

complex Novella; liter 1,1,40.11,8,128000,129000,140500

complex Novella; liter 1,1,44.97,5,128000,129000,140500

complex Novella; liter 1,1,44.97,6,128000,129000,140500

complex Novella; liter 1,1,44.97,7,128000,129000,140500

complex Novella; liter 1,1,44.97,8,128000,129000,140500

complex Novella; liter 1,1,40.11,9,129000,130000,141600

complex Novella; liter 1,1,40.11,10,129000,130000,141600

complex Novella; liter 1,1,40.11,11,129000,130000,141600

complex Novella; liter 1,1,40.11,12,129000,130000,141600

complex Novella; liter 1,1,44.97,9,129000,130000,141600

complex Novella; liter 1,1,44.97,10,129000,130000,141600

complex Novella; liter 1,1,44.97,11,129000,130000,141600

complex Novella; liter 1,1,44.97,12,129000,130000,141600

complex Novella; liter 1,1,40.11,13,130000,131000,142700

complex Novella; liter 1,1,40.11,14,130000,131000,142700

complex Novella; liter 1,1,40.11,15,130000,131000,142700

complex Novella; liter 1,1,44.97,13,130000,131000,142700

complex Novella; liter 1,1,44.97,14,130000,131000,142700

complex Novella; liter 1,1,44.97,15,130000,131000,142700

complex Novella; liter 1,1,40.11,16,131000,132000,143800

complex Novella; liter 1,1,40.11,17,131000,132000,143800

complex Novella; liter 1,1,40.11,18,131000,132000,143800

complex Novella; liter 1,1,40.11,19,131000,132000,143800

complex Novella; liter 1,1,44.97,16,131000,132000,143800

complex Novella; liter 1,1,44.97,17,131000,132000,143800

complex Novella; liter 1,1,44.97,18,131000,132000,143800

complex Novella; liter 1,1,44.97,19,131000,132000,143800

complex Novella; liter 1,2,56.72,1,102000,113000,121700

complex Novella; liter 1,2,56.72,2,102000,113000,121700

complex Novella; liter 1,2,59.2,1,102000,113000,121700

complex Novella; liter 1,2,59.2,2,102000,113000,121700

complex Novella; liter 1,2,56.72,3,103000,114000,122800

complex Novella; liter 1,2,56.72,4,103000,114000,122800

complex Novella; liter 1,2,59.2,3,103000,114000,122800

complex Novella; liter 1,2,59.2,4,103000,114000,122800

complex Novella; liter 1,2,56.72,5,104000,115000,123900

complex Novella; liter 1,2,56.72,6,104000,115000,123900

complex Novella; liter 1,2,56.72,7,104000,115000,123900

complex Novella; liter 1,2,56.72,8,104000,115000,123900

complex Novella; liter 1,2,59.2,5,104000,115000,123900

complex Novella; liter 1,2,59.2,6,104000,115000,123900

complex Novella; liter 1,2,59.2,7,104000,115000,123900

complex Novella; liter 1,2,59.2,8,104000,115000,123900

complex Novella; liter 1,2,56.72,9,105000,116000,125000

complex Novella; liter 1,2,56.72,10,105000,116000,125000

complex Novella; liter 1,2,56.72,11,105000,116000,125000

complex Novella; liter 1,2,56.72,12,105000,116000,125000

complex Novella; liter 1,2,59.2,9,105000,116000,125000

complex Novella; liter 1,2,59.2,10,105000,116000,125000

complex Novella; liter 1,2,59.2,11,105000,116000,125000

complex Novella; liter 1,2,59.2,12,105000,116000,125000

complex Novella; liter 1,2,56.72,13,106000,117000,126100

complex Novella; liter 1,2,56.72,14,106000,117000,126100

complex Novella; liter 1,2,56.72,15,106000,117000,126100

complex Novella; liter 1,2,59.2,13,106000,117000,126100

complex Novella; liter 1,2,59.2,14,106000,117000,126100

complex Novella; liter 1,2,59.2,15,106000,117000,126100

complex Novella; liter 1,2,56.72,16,107000,118000,127200

complex Novella; liter 1,2,56.72,17,107000,118000,127200

complex Novella; liter 1,2,56.72,18,107000,118000,127200

complex Novella; liter 1,2,56.72,19,107000,118000,127200

complex Novella; liter 1,2,59.2,16,107000,118000,127200

complex Novella; liter 1,2,59.2,17,107000,118000,127200

complex Novella; liter 1,2,59.2,18,107000,118000,127200

complex Novella; liter 1,2,59.2,19,107000,118000,127200

complex Novella; liter 1,2,59.67,1,101000,112000,120600

complex Novella; liter 1,2,59.67,2,101000,112000,120600

complex Novella; liter 1,2,64.56,1,101000,112000,120600

complex Novella; liter 1,2,64.56,2,101000,112000,120600

complex Novella; liter 1,2,59.67,3,102000,113000,121700

complex Novella; liter 1,2,59.67,4,102000,113000,121700

complex Novella; liter 1,2,64.56,3,102000,113000,121700

complex Novella; liter 1,2,64.56,4,102000,113000,121700

complex Novella; liter 1,2,59.67,5,103000,114000,122800

complex Novella; liter 1,2,59.67,6,103000,114000,122800

complex Novella; liter 1,2,59.67,7,103000,114000,122800

complex Novella; liter 1,2,59.67,8,103000,114000,122800

complex Novella; liter 1,2,64.56,5,103000,114000,122800

complex Novella; liter 1,2,64.56,6,103000,114000,122800

complex Novella; liter 1,2,64.56,7,103000,114000,122800

complex Novella; liter 1,2,64.56,8,103000,114000,122800

complex Novella; liter 1,2,59.67,9,104000,115000,123900

complex Novella; liter 1,2,59.67,10,104000,115000,123900

complex Novella; liter 1,2,59.67,11,104000,115000,123900

complex Novella; liter 1,2,59.67,12,104000,115000,123900

complex Novella; liter 1,2,64.56,9,104000,115000,123900

complex Novella; liter 1,2,64.56,10,104000,115000,123900

complex Novella; liter 1,2,64.56,11,104000,115000,123900

complex Novella; liter 1,2,64.56,12,104000,115000,123900

complex Novella; liter 1,2,59.67,13,105000,116000,125000

complex Novella; liter 1,2,59.67,14,105000,116000,125000

complex Novella; liter 1,2,59.67,15,105000,116000,125000

complex Novella; liter 1,2,64.56,13,105000,116000,125000

complex Novella; liter 1,2,64.56,14,105000,116000,125000

complex Novella; liter 1,2,64.56,15,105000,116000,125000

complex Novella; liter 1,2,59.67,16,106000,117000,126100

complex Novella; liter 1,2,59.67,17,106000,117000,126100

complex Novella; liter 1,2,59.67,18,106000,117000,126100

complex Novella; liter 1,2,59.67,19,106000,117000,126100

complex Novella; liter 1,2,64.56,16,106000,117000,126100

complex Novella; liter 1,2,64.56,17,106000,117000,126100

complex Novella; liter 1,2,64.56,18,106000,117000,126100

complex Novella; liter 1,2,64.56,19,106000,117000,126100

complex Novella; liter 1,2,65.06,1,100000,108000,116200

complex Novella; liter 1,2,65.06,2,100000,108000,116200

complex Novella; liter 1,2,66.76,1,100000,108000,116200

complex Novella; liter 1,2,66.76,2,100000,108000,116200

complex Novella; liter 1,2,65.06,3,101000,109000,117300

complex Novella; liter 1,2,65.06,4,101000,109000,117300

complex Novella; liter 1,2,66.76,3,101000,109000,117300

complex Novella; liter 1,2,66.76,4,101000,109000,117300

complex Novella; liter 1,2,65.06,5,102000,110000,118400

complex Novella; liter 1,2,65.06,6,102000,110000,118400

complex Novella; liter 1,2,65.06,7,102000,110000,118400

complex Novella; liter 1,2,65.06,8,102000,110000,118400

complex Novella; liter 1,2,66.76,5,102000,110000,118400

complex Novella; liter 1,2,66.76,6,102000,110000,118400

complex Novella; liter 1,2,66.76,7,102000,110000,118400

complex Novella; liter 1,2,66.76,8,102000,110000,118400

complex Novella; liter 1,2,65.06,9,103000,111000,119500

complex Novella; liter 1,2,65.06,10,103000,111000,119500

complex Novella; liter 1,2,65.06,11,103000,111000,119500

complex Novella; liter 1,2,65.06,12,103000,111000,119500

complex Novella; liter 1,2,66.76,9,103000,111000,119500

complex Novella; liter 1,2,66.76,10,103000,111000,119500

complex Novella; liter 1,2,66.76,11,103000,111000,119500

complex Novella; liter 1,2,66.76,12,103000,111000,119500

complex Novella; liter 1,2,65.06,13,104000,112000,120600

complex Novella; liter 1,2,65.06,14,104000,112000,120600

complex Novella; liter 1,2,65.06,15,104000,112000,120600

complex Novella; liter 1,2,66.76,13,104000,112000,120600

complex Novella; liter 1,2,66.76,14,104000,112000,120600

complex Novella; liter 1,2,66.76,15,104000,112000,120600

complex Novella; liter 1,2,65.06,16,105000,113000,121700

complex Novella; liter 1,2,65.06,17,105000,113000,121700

complex Novella; liter 1,2,65.06,18,105000,113000,121700

complex Novella; liter 1,2,65.06,19,105000,113000,121700

complex Novella; liter 1,2,66.76,16,105000,113000,121700

complex Novella; liter 1,2,66.76,17,105000,113000,121700

complex Novella; liter 1,2,66.76,18,105000,113000,121700

complex Novella; liter 1,2,66.76,19,105000,113000,121700

complex Novella; liter 1,3,75.37,1,94000,115000,126100

complex Novella; liter 1,3,75.37,2,94000,115000,126100

complex Novella; liter 1,3,76.59,1,94000,115000,126100

complex Novella; liter 1,3,76.59,2,94000,115000,126100

complex Novella; liter 1,3,75.37,3,95000,116000,127200

complex Novella; liter 1,3,75.37,4,95000,116000,127200

complex Novella; liter 1,3,76.59,3,95000,116000,127200

complex Novella; liter 1,3,76.59,4,95000,116000,127200

complex Novella; liter 1,3,75.37,5,96000,117000,128300

complex Novella; liter 1,3,75.37,6,96000,117000,128300

complex Novella; liter 1,3,75.37,7,96000,117000,128300

complex Novella; liter 1,3,75.37,8,96000,117000,128300

complex Novella; liter 1,3,76.59,5,96000,117000,128300

complex Novella; liter 1,3,76.59,6,96000,117000,128300

complex Novella; liter 1,3,76.59,7,96000,117000,128300

complex Novella; liter 1,3,76.59,8,96000,117000,128300

complex Novella; liter 1,3,75.37,9,97000,118000,129400

complex Novella; liter 1,3,75.37,10,97000,118000,129400

complex Novella; liter 1,3,75.37,11,97000,118000,129400

complex Novella; liter 1,3,75.37,12,97000,118000,129400

complex Novella; liter 1,3,76.59,9,97000,118000,129400

complex Novella; liter 1,3,76.59,10,97000,118000,129400

complex Novella; liter 1,3,76.59,11,97000,118000,129400

complex Novella; liter 1,3,76.59,12,97000,118000,129400

complex Novella; liter 1,3,75.37,13,98000,119000,130500

complex Novella; liter 1,3,75.37,14,98000,119000,130500

complex Novella; liter 1,3,75.37,15,98000,119000,130500

complex Novella; liter 1,3,76.59,13,98000,119000,130500

complex Novella; liter 1,3,76.59,14,98000,119000,130500

complex Novella; liter 1,3,76.59,15,98000,119000,130500

complex Novella; liter 1,3,75.37,16,99000,120000,131600

complex Novella; liter 1,3,75.37,17,99000,120000,131600

complex Novella; liter 1,3,75.37,18,99000,120000,131600

complex Novella; liter 1,3,75.37,19,99000,120000,131600

complex Novella; liter 1,3,76.59,16,99000,120000,131600

complex Novella; liter 1,3,76.59,17,99000,120000,131600

complex Novella; liter 1,3,76.59,18,99000,120000,131600

complex Novella; liter 1,3,76.59,19,99000,120000,131600

complex Sport park; liter 7,1,45.6,1,87000,101000,101800

complex Sport park; liter 7,1,45.6,2,87000,101000,101800

complex Sport park; liter 7,1,45.6,3,87000,101000,101800

complex Sport park; liter 7,1,45.6,4,87000,101000,101800

complex Sport park; liter 7,1,45.6,5,87000,101000,101800

complex Sport park; liter 7,1,45.6,6,87000,101000,101800

complex Sport park; liter 7,1,45.6,7,87000,101000,101800

complex Sport park; liter 7,1,45.6,8,87000,101000,101800

complex Sport park; liter 7,1,45.9,1,87000,101000,101800

complex Sport park; liter 7,1,45.9,2,87000,101000,101800

complex Sport park; liter 7,1,45.9,3,87000,101000,101800

complex Sport park; liter 7,1,45.9,4,87000,101000,101800

complex Sport park; liter 7,1,45.9,5,87000,101000,101800

complex Sport park; liter 7,1,45.9,6,87000,101000,101800

complex Sport park; liter 7,1,45.9,7,87000,101000,101800

complex Sport park; liter 7,1,45.9,8,87000,101000,101800

